id,name,category,isSensitive,sensitivity,patterns,tags.law
Data.Sensitive.AccountData.AccountID,Account ID,Account Data,false,medium,"[""(?i).*(?:account|user|customer|doctor|patient|policyholder|insurer|claimant)[^\\s/(;)#|,=!>]{0,3}(id|number|no|num)""]",GDPR
Data.Sensitive.AccountData.SocialMediaLoginIdentifier,Social Media Login Identifier,Account Data,false,medium,"[""(?i)(?:facebook|twitter|instagram|linkedin|pinterest|behance|dribble)[^\\s/(;)#|,=!>]{0,2}(?:id|account|username|handle)""]",GDPR
Data.Sensitive.AccountData.LanguagePreferences,Language Preferences,Account Data,false,low,"[""(?i).*language.*""]",GDPR
Data.Sensitive.AccountData.AccountPassword,Account Password,Account Data,false,high,"[""(?i)(.*(?<!(db|database|jira|sql|postgres|mongo|aws)[^\\s/(;)#|,=!>]{0,3})(psw|pswd|password|passwrd))""]",GDPR
Data.Sensitive.AccountData.Mnemonic,Mnemonic,Account Data,false,high,"[""(?i).*(mnemonic)""]",GDPR
Data.Sensitive.AccountData.AccountName,Account Name,Account Data,false,medium,"[""(?i)(.*(?<!(db|database|jira|sql|postgres|mongo|aws)[^\\s/(;)#|,=!>]{0,3})user[^\\s/(;)#|,=!>]{0,3}name)|(.*(account|customer|doctor|patient|teacher|student|person|organi[zs]ation|company)[^\\s/(;)#|,=!>]{0,3}name)""]",GDPR
Data.Sensitive.AudioVisualAndSensoryData.Video,Video,Audio Visual & Sensory Data,false,medium,"[""(?i)(?:cctv|webcam|video|camera)[^\\s/(;)#|,=!>]{0,5}(?:feed|clip|recording|footage)""]",GDPR
Data.Sensitive.AudioVisualAndSensoryData.AudioRecordings,Audio Recordings,Audio Visual & Sensory Data,false,medium,"[""(?i)(?:audio|microphone|phone)[^\\s/(;)#|,=!>]{0,5}(?:feed|clip|recording)""]",GDPR
Data.Sensitive.AudioVisualAndSensoryData.IoTorSensorData,IoT or Sensor Data,Audio Visual & Sensory Data,false,medium,"[""(?i)thermocouples|thermistor|thermometer|(?:thermal|temperature|radiation|light|proximity|gyroscope|pressure|position)[^\\s/(;)#|,=!>]{0,10}(?:sensors|sensor)|(?:sensors|sensor)[^\\s/(;)#|,=!>]{0,10}(?:thermal|temperature|radiation|light|proximity|gyroscope|pressure|position)|accelerometer""]",GDPR
Data.Sensitive.BackgroundCheckDetails.CriminalRecordsHistory,Criminal Records History,Background Check Details,true,high,"[""(?i).*(?:criminal|crime)[^\\s/(;)#|,=!>]{0,10}(?:background|record|history|activity)""]",GDPR
Data.Sensitive.BackgroundCheckDetails.ReferenceChecks,Reference Checks,Background Check Details,false,high,"[""(?i).*(?:reference|verification)[^\\s/(;)#|,=!>]{0,10}check""]",GDPR
Data.Sensitive.BackgroundCheckDetails.EmploymentHistory,Employment History,Background Check Details,false,low,"[""(?i).*employment[^\\s/(;)#|,=!>]{0,10}(?:history|verification|check)""]",GDPR
Data.Sensitive.BackgroundCheckDetails.CompensationHistory,Compensation History,Background Check Details,false,low,"[""(?i).*(?:past|previous|latest)[^\\s/(;)#|,=!>]{0,10}(salary|compensation|ctc)|salary[^\\s/(;)#|,=!>]{0,10}history""]",GDPR
Data.Sensitive.BackgroundCheckDetails.CreditHistory,Credit History,Background Check Details,false,high,"[""(?i).*loan[^\\s/(;)#|,=!>]{0,10}history|credit[^\\s/(;)#|,=!>]{0,10}(?:score|record|slip|report|history|rate|worth|rank)|financial[^\\s/(;)#|,=!>]{0,10}condition|loan[^\\s/(;)#|,=!>]{0,10}taken""]",GDPR
Data.Sensitive.BiometricData.FingerprintScans,Fingerprint Scans,Biometric Data,true,high,"[""(?i)finger[^\\s/(;)#|,=!>]{0,5}print|finger[^\\s/(;)#|,=!>]{0,5}print[^\\s/(;)#|,=!>]{0,5}scan""]",GDPR
Data.Sensitive.BiometricData.IrisRecognition,Iris Recognition,Biometric Data,true,high,"[""(?i)iris[^\\s/(;)#|,=!>]*(?:recognition|feature|scan)""]",GDPR
Data.Sensitive.BiometricData.FacialRecognition,Facial Recognition,Biometric Data,true,high,"[""(?i)(?:facial)[^\\s/(;)#|,=!>]{0,3}(?:recognition|hair|happy|angry|agree|talk|crazy|talk[^\\s/(;)#|,=!>]{0,3}angry|sad|neutral|shock|rolleye|think|shake|asleep|drunk|serious|landmark|mark|detection)""]",GDPR
Data.Sensitive.BiometricData.VoiceRecognition,Voice Recognition,Biometric Data,true,high,"[""(?i)(voice|speech)[^\\s/(;)#|,=!>]{0,5}(?:recognition|recog)""]",GDPR
Data.Sensitive.BiometricData.HandwritingRecognition,Handwriting Recognition,Biometric Data,true,high,"[""(?i)handwriting[^\\s/(;)#|,=!>]*recognition|handwritten[^\\s/(;)#|,=!>]*text[^\\s/(;)#|,=!>]*recognition""]",GDPR
Data.Sensitive.BiometricData.DNAMatching,DNA Matching,Biometric Data,true,high,"[""(?i)dna(?!me)[^\\s/(;)#|,=!>]{0,10}(?:subsequence|scan|print|sequence)|prote[^\\s/(;)#|,=!>]{0,10}insequence""]",GDPR
Data.Sensitive.BiometricData.Gait,Gait,Biometric Data,true,high,"[""(?i)(?:abnormal|hemiplegic|diplegic|neuropathic|myopathic|choreiform|ataxic|parkinsonian|sensory)[^\\s/(;)#|,=!>]{0,3}gait|(?:forefoot|midfoot|rarefoot|heel|fore[^\\s/(;)#|,=!>]{0,3}foot|mid[^\\s/(;)#|,=!>]{0,3}foot|rare[^\\s/(;)#|,=!>]{0,3}foot)[^\\s/(;)#|,=!>]{0,3}strike|(?:foot|hip)[^\\s/(;)#|,=!>]{0,3}angle|foot[^\\s/(;)#|,=!>]{0,2}progression[^\\s/(;)#|,=!>]{0,3}angle|stride[^\\s/(;)#|,=!>]{0,3}(?:length|width|duration)|(?:lateral|forward)[^\\s/(;)#|,=!>]{0,3}stride""]",GDPR
Data.Sensitive.ContactData.Address,Address,Contact Data,false,medium,"[""(?i)(.*(?<!(ip|mac|email|server|logical|physical|port|public|private)[-_]?)address)|(?:home|house|billing|mailing|shipping|contact|delivery|office|person|policyholder|insurer|claimant)[^\\s/(;)#|,=!>]{0,10}(?:address|addr)|(?:pin|zip|postal|metro)[-_\\[<'. ]{0,2}code|(?:delivery|pickup)[^\\s/(;)#|,=!>]{0,10}(?:location|position)|house[^\\s/(;)#|,=!>]{0,2}(?:number|no)|address[-_.]{0,2}line""]",GDPR
Data.Sensitive.ContactData.EmailAddress,Email Address,Contact Data,false,medium,"[""(?i)(.*email)|(?:business|personal|work|contact)[^\\s/(;)#|,=!>]{0,10}email.*|.*email[^\\s/(;)#|,=!>]{0,10}(?:address|id)""]",GDPR
Data.Sensitive.ContactData.PhoneNumber,Phone Number,Contact Data,false,medium,"[""(?i)((phone|mobile|cellphone|contact)|(.*((phone|mobile|cellphone|contact)[^\\s/(;)#|,=!>]{0,2}(?:detail|details)|(?:mobile|phone|cellphone|contact)[^\\s/(;)#|,=!>]{0,10}(?:number|nbr|num|no)|(?:primary|secondary)[^\\s/(;)#|,=!>]{0,10}(phone|landline|telephone))))""]",GDPR
Data.Sensitive.ContactData.EmergencyContactDetails,Emergency Contact Details,Contact Data,false,low,"[""(?i)emergency[^\\s/(;)#|,=!>]{0,5}contact[^\\s/(;)#|,=!>]{0,5}(?:number|no|nbr|phone|mobile|mob|landline|email|details|detail|relation)""]",GDPR
Data.Sensitive.EducationalBackground.EducationalHistory,Educational History,Educational Background,false,low,"[""(?i)educational[^\\s/(;)#|,=!>]{0,10}history|(?:master|bachelor)[^\\s/(;)#|,=!>]{0,10}degree|attended[^\\s/(;)#|,=!>]{0,10}(?:universities|university|school|college)|(?:universities|university|school|college)[^\\s/(;)#|,=!>]{0,10}attended""]",GDPR
Data.Sensitive.EducationalBackground.Skills,Skills,Educational Background,false,low,"[""(?i)(?:technical|speaking|programming|soft)[^\\s/(;)#|,=!>]{0,10}skills""]",GDPR
Data.Sensitive.EducationalBackground.AcademicTranscripts,Academic Transcripts,Educational Background,false,low,"[""(?i)academic[^\\s/(;)#|,=!>]{0,10}transcripts|(?:diploma|bachelor|[^\\s/(;)#|,=!>]{0,10}degree|masters[^\\s/(;)#|,=!>]{0,10}degree|pg|degree)[^\\s/(;)#|,=!>]{0,10}certificate""]",GDPR
Data.Sensitive.FinancialData.BankAccountDetails,Bank Account Details,Financial Data,false,high,"[""(?i).*((?<!question)bank[^\\s/(;)#|,=!>]*(?:name|account|details|detail|address|country|(swift|bic)-code|(swift|bic)_code)|bank[^\\s/(;)#|,=!>]*account[^\\s/(;)#|,=!>]*details|(swift|bic)[-_]code|(swift|bic)code)""]",GDPR
Data.Sensitive.FinancialData.CardIssuer,Card Issuer,Financial Data,false,high,"[""(?i).*((?:credit|debit)[^\\s/(;)#|,=!>]{0,10}card[^\\s/(;)#|,=!>]{0,10}issuer|card[^\\s/(;)#|,=!>]{0,10}issuer)""]",GDPR
Data.Sensitive.FinancialData.CardNumber,Card Number,Financial Data,false,high,"[""(?i).*((?:credit|debit)[^\\s/(;)#|,=!>]{0,10}card[^\\s/(;)#|,=!>]{0,10}(number|no|num|nbr)|(?:credit|debit)[^\\s/(;)#|,=!>]{0,10}card)|cc[-_]{0,1}(number|num|nbr|no)""]",GDPR
Data.Sensitive.FinancialData.VPAAddress,VPA Address,Financial Data,false,high,"[""(?i).*(virtual[^\\s/(;)#|,=!>]{0,5}payment[^\\s/(;)#|,=!>]{0,5}address|virtual[^\\s/(;)#|,=!>]{0,5}payment|upi[-_\\[<'.]{0,2}id)|(merchant|payee|payment|retailer|dealer|seller|vendor)[-_]{0,1}vpa|vpa[-_]{0,1}id""]",GDPR
Data.Sensitive.FinancialData.PaymentMode,Payment Mode,Financial Data,false,medium,"[""(?i).*(payment[^\\s/(;)#|,=!>]{0,5}(?:mode|method|option|options))""]",GDPR
Data.Sensitive.FinancialData.CreditScore,Credit Score,Financial Data,false,high,"[""(?i).*((?:credit|cibil|crisil|fico|schufa)[^\\s/(;)#|,=!>]{0,10}score)""]",GDPR
Data.Sensitive.FinancialData.TaxInformation,Tax Information,Financial Data,false,high,"[""(?i)tax[^\\s/(;)#|,=!>]{0,5}(?:information|group|rate|info|percent|statement|detail|amount|calculate|type|slip)|taxable[^\\s/(;)#|,=!>]{0,10}value|(?:standard|income|without)[^\\s/(;)#|,=!>]{0,10}tax""]",GDPR
Data.Sensitive.FinancialData.RetirementAccountInformation,Retirement Account Information,Financial Data,false,high,"[""(?i).*(401k|(?:retirement|pension)[^\\s/(;)#|,=!>]{0,10}(?:plan|account)).*""]",GDPR
Data.Sensitive.FinancialData.PayrollInformation,Payroll Information,Financial Data,false,high,"[""(?i).*(payroll|pay[-_]roll).*""]",GDPR
Data.Sensitive.FinancialData.Expenses,Expenses,Financial Data,false,medium,"[""(?i).*((?:travel|lodging|food|mileage|healthcare|business|medical|travel)[^\\s/(;)#|,=!>]{0,10}(?:reimbursement|reimbursements|expense))""]",GDPR
Data.Sensitive.FinancialData.CompanyAllowances,Company Allowances,Financial Data,false,medium,"[""(?i).*((?:dearness|houserent|entertainment|overtime|compensatory|conveyance|leave[^\\s/(;)#|,=!>]{0,10}travel|medical|periodicals|books|withholding|personal|employment|child|basic[^\\s/(;)#|,=!>]{0,10}tax|travel|maternity|paternity)[^\\s/(;)#|,=!>]{0,10}allowance)""]",GDPR
Data.Sensitive.FinancialData.StockorEquityGrants,Stock or Equity Grants,Financial Data,false,high,"[""(?i).*((?:user|employee|incentive|phantom|common|restricted)[^\\s/(;)#|,=!>]{0,10}(?:stocks|equity)|stocks[^\\s/(;)#|,=!>]{0,10}grant|employee[^\\s/(;)#|,=!>]{0,10}stock[^\\s/(;)#|,=!>]{0,10}purchase[^\\s/(;)#|,=!>]{0,10}plan|incentive[^\\s/(;)#|,=!>]{0,10}stock[^\\s/(;)#|,=!>]{0,10}option|employee[^\\s/(;)#|,=!>]{0,10}stock[^\\s/(;)#|,=!>]{0,10}option[^\\s/(;)#|,=!>]{0,10}scheme|restricted[^\\s/(;)#|,=!>]{0,10}stock[^\\s/(;)#|,=!>]{0,10}units|stock[^\\s/(;)#|,=!>]{0,10}appreciation[^\\s/(;)#|,=!>]{0,10}rights|phantom[^\\s/(;)#|,=!>]{0,10}stocks|non[^\\s/(;)#|,=!>]{0,10}qualified[^\\s/(;)#|,=!>]{0,10}stock[^\\s/(;)#|,=!>]{0,10}options|stock[^\\s/(;)#|,=!>]{0,10}option[^\\s/(;)#|,=!>]{0,10}grant|restricted[^\\s/(;)#|,=!>]{0,10}stock[^\\s/(;)#|,=!>]{0,10}awards)""]",GDPR
Data.Sensitive.FinancialData.Salary,Salary,Financial Data,false,medium,"[""(?i).*(salary[^\\s/(;)#|,=!>]{0,10}(?:details|detail|slip|pay)|employee[^\\s/(;)#|,=!>]{0,10}salary|basic[^\\s/(;)#|,=!>]{0,10}salary|(?:dearness|houserent)[^\\s/(;)#|,=!>]{0,10}allowance|salary)""]",GDPR
Data.Sensitive.FinancialData.Benefits,Benefits,Financial Data,false,medium,"[""(?i).*(gym[^\\s/(;)#|,=!>]{0,10}membership|free[^\\s/(;)#|,=!>]{0,10}(?:lunch|snacks|breakfast|drinks|dinner)|employee[^\\s/(;)#|,=!>]{0,10}discount|employee[^\\s/(;)#|,=!>]{0,10}assistance[^\\s/(;)#|,=!>]{0,10}program|company[^\\s/(;)#|,=!>]{0,10}car|(?:retirement|pension)[^\\s/(;)#|,=!>]{0,10}plan|performance[^\\s/(;)#|,=!>]{0,10}bonus|(?:life|medical|dental|vision)[^\\s/(;)#|,=!>]{0,10}insurance|flexible[^\\s/(;)#|,=!>]{0,10}hours|company[^\\s/(;)#|,=!>]{0,10}shuttle|relocation[^\\s/(;)#|,=!>]{0,10}bonus|(?:paternity|maternity)[^\\s/(;)#|,=!>]{0,10}leave)""]",GDPR
Data.Sensitive.HealthData.DisabilityorSpecificCondition,Disability or Specific Condition,Health Data,true,high,"[""(?i).*(locomotor[^\\s/(;)#|,=!>]*disability|mental[^\\s/(;)#|,=!>]*illness|cerebral[^\\s/(;)#|,=!>]*palsy|hearing[^\\s/(;)#|,=!>]*impairment|muscular[^\\s/(;)#|,=!>]*dystrophy|multiple[^\\s/(;)#|,=!>]*sclerosis|hiv[^\\s/(;)#|,=!>]*aids|physical[^\\s/(;)#|,=!>]*disability|mental[^\\s/(;)#|,=!>]*disability|alzheimer|thalassemia|hemophilia|autism|cancer|dwarfism|blindness|handicapped|wheelchair|diabetic|dyslexia|epilepsy|schizophrenia|depression|physical[^\\s/(;)#|,=!>]disorder).*""]",GDPR
Data.Sensitive.HealthData.HealthInsuranceNumber,Health Insurance Number,Health Data,true,high,"[""(?i).*((?:health|medical)[^\\s/(;)#|,=!>]*insurance[^\\s/(;)#|,=!>]*(?:policy|plan|card|claim)|(?:insurance)[^\\s/(;)#|,=!>]*(?:card|policy|claim|plan|company)|card[^\\s/(;)#|,=!>]*insurance|insurance[^\\s/(;)#|,=!>]*policy[^\\s/(;)#|,=!>]*(?:nbr|number|id|no)|mediclaim[^\\s/(;)#|,=!>]*(?:nbr|number|id|no))""]",GDPR
Data.Sensitive.HealthData.IllnessorMedicalCondition,Illness or Medical Condition,Health Data,true,high,"[""(?i).*(health[^\\s/(;)#|,=!>]{0,10}record|medical[^\\s/(;)#|,=!>]{0,10}condition|(?:user|person|customer|employee)[^\\s/(;)#|,=!>]{0,10}health|illness[^\\s/(;)#|,=!>]{0,10}(?:record|name|data|type|date))""]",GDPR
Data.Sensitive.HealthData.MaternityLeaveDetails,Maternity Leave Details,Health Data,true,high,"[""(?i).*(maternity[^\\s/(;)#|,=!>]{0,10}leave).*""]",GDPR
Data.Sensitive.HealthData.PaternityLeaveDetails,Paternity Leave Details,Health Data,true,high,"[""(?i).*(paternity[^\\s/(;)#|,=!>]{0,10}leave).*""]",GDPR
Data.Sensitive.HealthData.MedicalCertificates,Medical Certificates,Health Data,true,high,"[""(?i).*(blood[^\\s/(;)#|,=!>]{0,10}report|medical[^\\s/(;)#|,=!>]{0,10}(?:report|test)|medical[^\\s/(;)#|,=!>]{0,10}certificate|blood[^\\s/(;)#|,=!>]{0,10}group).*""]",GDPR'
Data.Sensitive.LocationData.PreciseLocation,Precise Location,Location Data,false,high,"[""(?i)(.*(gps[^\\s/(;)#|,=!>]{0,3}(?:location|position|trace)|user[^\\s/(;)#|,=!>]{0,5}location|latitude|longitude|geo[^\\s/(;)#|,=!>]{0,5}coordinates)|(lat|lon|lng|latlng|latlon))""]",GDPR
Data.Sensitive.NationalIdentificationNumbers.Passport,Passport,National Identification Numbers,false,high,"[""(?i)(.*passport[^\\s/(;)#|,=!>]{0,10}(?:no|number|id|expiry|validity|country))""]",GDPR
Data.Sensitive.NationalIdentificationNumbers.DrivingLicense,Driving License,National Identification Numbers,false,high,"[""(?i).*((?:driving|driver)[^\\s/(;)#|,=!>]{0,5}(?:license|lisense|licence)[^\\s/(;)#|,=!>]{0,5}(?:no|number|id)|(?:driving|driver)[^\\s/(;)#|,=!>]{0,5}(?:license|lisense|licence))""]",GDPR
Data.Sensitive.NationalIdentificationNumbers.SocialSecurityNumber,Social Security Number,National Identification Numbers,false,high,"[""(?i)social[^\\s/(;)#|,=!>]{0,5}security[^\\s/(;)#|,=!>]{0,5}(?:number|no|id)|.*_SSN|SSN|.*_ssn|ssn""]",GDPR
Data.Sensitive.NationalIdentificationNumbers.PANNumber,PAN Number,National Identification Numbers,false,high,"[""(?i).*(pan([^\\s/(;)#|,=!>]{0,3}card){0,1}[^\\s/(;)#|,=!>]{0,3}(?:no|num|number)|permanant[^\\s/(;)#|,=!>]{0,3}account[^\\s/(;)#|,=!>]{0,3}number)""]",GDPR
Data.Sensitive.NationalIdentificationNumbers.AadharNumber,Aadhar Number,National Identification Numbers,false,high,"[""(?i).*(aadhaar[^\\s/(;)#|,=!>]*(?:no|num|number|id)|aadhaar[^\\s/(;)#|,=!>]*card[^\\s/(;)#|,=!>]*(?:no|num|number|id)|aadhaar[^\\s/(;)#|,=!>]*card)""]",GDPR
Data.Sensitive.OnlineIdentifiers.Cookies,Cookies,Online Identifiers,false,medium,"[""(?i).*(cookies|cookie)""]",GDPR
Data.Sensitive.OnlineIdentifiers.DeviceIdentifier,Device Identifier,Online Identifiers,false,medium,"[""(?i).*(device[^\\s/(;)#|,=!>]{0,5}(?:id|info|details))""]",GDPR
Data.Sensitive.OnlineIdentifiers.IPAddress,IP Address,Online Identifiers,false,medium,"[""(?i)(?:(?<!(sh|tr)[-_]{0,1})ip|ipv4|ipv6)[^\\s/(;)#|,=!>]{0,10}address|machine[^\\s/(;)#|,=!>]{0,10}ip|ip""]",GDPR
Data.Sensitive.OnlineIdentifiers.MACAddress,MAC Address,Online Identifiers,false,medium,"[""(?i)mac[^\\s/(;)#|,=!>]{0,2}(?:address|ip)|ip[^\\s/(;)#|,=!>]{0,2}mac""]",GDPR
Data.Sensitive.OnlineIdentifiers.Pixel,Pixel,Online Identifiers,false,low,"[""(?i).*(online[^\\s/(;)#|,=!>]{0,10}identifier|online[^\\s/(;)#|,=!>]{0,10}identity|(tracking|ad|advertising)[^\\s/(;)#|,=!>]{0,10}pixel)""]",GDPR
Data.Sensitive.OnlineIdentifiers.AdvertisingIdentifiers,Advertising Identifiers,Online Identifiers,false,low,"[""(?i)idfa|idfv|advertising[^\\s/(;)#|,=!>]{0,5}id|gps[^\\s/(;)#|,=!>]{0,5}adid""]",GDPR
Data.Sensitive.PersonalCharacteristics.Height,Height,Personal Characteristics,false,low,"[""(?i).*(height[^\\s/(;)#|,=!>]{0,5}(?:cms|inches|feet|meter|metre))|(?:body|person|patient|baby|student|user|girl|boy|male|female)[^\\s/(;)#|,=!>]{0,5}height|height""]",GDPR
Data.Sensitive.PersonalCharacteristics.MaritalStatus,Marital Status,Personal Characteristics,false,medium,"[""(?i).*(marital|married|relationship[^\\s/(;)#|,=!>]{0,2}status).*""]",GDPR
Data.Sensitive.PersonalCharacteristics.Nationality,Nationality,Personal Characteristics,false,medium,"[""(?i).*(nationality|nationalities)""]",GDPR
Data.Sensitive.PersonalCharacteristics.RacialorEthnicOrigin,Racial or Ethnic Origin,Personal Characteristics,true,high,"[""(?i).*((?:racial|ethnic)[^\\s/(;)#|,=!>]{0,5}(?:origin|group)|ethnicity)""]",GDPR
Data.Sensitive.PersonalCharacteristics.Religion/ReligiousBeliefs,Religion / Religious Beliefs,Personal Characteristics,true,high,"[""(?i).*(religion|religious[^\\s/(;)#|,=!>]{0,5}(group|community|practices|belief|beleifs))""]",GDPR
Data.Sensitive.PersonalCharacteristics.SexualOrientation,Sexual Orientation,Personal Characteristics,true,high,"[""(?i).*(sexual[^\\s/(;)#|,=!>]{0,5}(orientation|nature|preference|inclination))""]",GDPR
Data.Sensitive.PersonalCharacteristics.Signature,Signature,Personal Characteristics,false,high,"[""(?i)(?:person|customer|user|buyer|seller|publisher|CEO|CFO)[^\\s/(;)#|,=!>]{0,5}signature""]",GDPR
Data.Sensitive.PersonalCharacteristics.Weight,Weight,Personal Characteristics,false,medium,"[""(?i)body[^\\s/(;)#|,=!>]{0,5}mass[^\\s/(;)#|,=!>]{0,5}index|body[^\\s/(;)#|,=!>]{0,5}weight|weight[^\\s/(;)#|,=!>]{0,5}(?:kg|kgs|pound|pounds)|(?:body|person|patient|baby|student|user|girl|boy|male|female)[^\\s/(;)#|,=!>]{0,5}weight""]",GDPR
Data.Sensitive.PersonalIdentification.DateofBirth,Date of Birth,Personal Identification,false,low,"[""(?i)(dob|(.*(date[^\\s/(;)#|,=!>]{0,5}of[^\\s/(;)#|,=!>]{0,5}birth|birth[^\\s/(;)#|,=!>]{0,5}(?:day|date|month|year))))""]",GDPR
Data.Sensitive.PersonalIdentification.FirstName,First Name,Personal Identification,false,low,"[""(?i).*(?:first|given|full)[^\\s/(;)#|,=!>]{0,5}name""]",GDPR
Data.Sensitive.PersonalIdentification.Gender,Gender,Personal Identification,false,low,"[""(?i)((.*gender)|is[_-]{0,1}male|is[_-]{0,1}female|sex)""]",GDPR
Data.Sensitive.PersonalIdentification.LastName,Last Name,Personal Identification,false,low,"[""(?i).*((?:last|sur(?!geon))[^\\s/(;)#|,=!>]{0,5}name)""]",GDPR
Data.Sensitive.PersonalIdentification.Age,Age,Personal Identification,false,low,"[""(?i)age|is[_-]{0,1}(minor|major|adult|child)|(.*(age[^\\s/(;)#|,=!>]{0,10}(?:years|yrs)|(?:user|person|customer)[^\\s/(;)#|,=!>]{0,5}(?<!im|p|langu|us|aver)age))""]",GDPR
Data.Sensitive.PersonalIdentification.EmployeeCode,Employee Code,Personal Identification,false,low,"[""(?i)(?:.*employee|emp)[^\\s/(;)#|,=!>]{0,10}(?:no|number|code|id|nbr|num)""]",GDPR
Data.Sensitive.PersonalIdentification.Photograph,Photograph,Personal Identification,false,medium,"[""(?i).*(?:profile|employee|user)[^\\s/(;)#|,=!>]{0,5}(?:picture|image|pic|photo)""]",GDPR
Data.Sensitive.ProfessionalAndEmploymentBackground.TotalExperience,Total Experience,Professional & Employment Background,false,low,"[""(?i)(?:applicant|candidate|job[^\\s/(;)#|,=!>]*applicant)[^\\s/(;)#|,=!>]*(?:experience|experiences)""]",GDPR
Data.Sensitive.ProfessionalAndEmploymentBackground.PastEmployers,Past Employers,Professional & Employment Background,false,low,"[""(?i)(?:employee|employment|employee[^\\s/(;)#|,=!>]*work)[^\\s/(;)#|,=!>]*(?:history|experience|experiences)|past[^\\s/(;)#|,=!>]*(?:experience|experiences)|previous[^\\s/(;)#|,=!>]*employers|(?:candidate|applicant)[^\\s/(;)#|,=!>]*past[^\\s/(;)#|,=!>]*company""]",GDPR
Data.Sensitive.ProfessionalAndEmploymentBackground.PastRolesorPositions,Past Roles or Positions,Professional & Employment Background,false,low,"[""(?i)past[^\\s/(;)#|,=!>]{0,5}role|(?:previous|past)[^\\s/(;)#|,=!>]{0,5}job[^\\s/(;)#|,=!>]{0,5}title""]",GDPR
Data.Sensitive.ProfessionalAndEmploymentBackground.PastSalaryDetails,Past Salary Details,Professional & Employment Background,false,low,"[""(?i)(?:past|previous)[^\\s/(;)#|,=!>]{0,5}salary|salary[^\\s/(;)#|,=!>]{0,5}history""]",GDPR
Data.Sensitive.ProfessionalAndEmploymentBackground.Reasonforleavingorchangeofjob,Reason for leaving or change of job,Professional & Employment Background,false,medium,"[""(?i)reason[^\\s/(;)#|,=!>]{0,5}leaving|job[^\\s/(;)#|,=!>]{0,5}change[^\\s/(;)#|,=!>]{0,5}reason|employment[^\\s/(;)#|,=!>]{0,5}change[^\\s/(;)#|,=!>]{0,5}reason""]",GDPR
Data.Sensitive.ProfessionalAndEmploymentBackground.PastDatesofEmployment,Past Dates of Employment,Professional & Employment Background,false,low,"[""(?i)job[^\\s/(;)#|,=!>]{0,5}(?:from|to)[^\\s/(;)#|,=!>]{0,5}date|employment[^\\s/(;)#|,=!>]{0,5}date|employment[^\\s/(;)#|,=!>]{0,5}date[^\\s/(;)#|,=!>]{0,5}(?:start|end)|(?:start|end)[^\\s/(;)#|,=!>]{0,5}employment[^\\s/(;)#|,=!>]{0,5}date""]",GDPR
Data.Sensitive.ProfessionalAndEmploymentBackground.ProofofLastSalary,Proof of Last Salary,Professional & Employment Background,false,low,"[""(?i)((?:last|previous|latest)[^\\s/(;)#|,=!>]{0,5}){0,1}salary[^\\s/(;)#|,=!>]{0,5}slip""]",GDPR
Data.Sensitive.PurchaseData.PurchaseHistory,Purchase History,Purchase Data,false,medium,"[""(?i)purchase[^\\s/(;)#|,=!>]{0,5}(?:history|(?<!site|val)id)|past[^\\s/(;)#|,=!>]{0,5}(?:purchases|purchase)|previous[^\\s/(;)#|,=!>]{0,5}purchase""]",GDPR
Data.Sensitive.PurchaseData.ProductReturnHistory,Product Return History,Purchase Data,false,medium,"[""(?i)return[^\\s/(;)#|,=!>]{0,5}(?:history|product)|cancel[^\\s/(;)#|,=!>]{0,5}(?:order|purchase)|exchange[^\\s/(;)#|,=!>]{0,5}product""]",GDPR
Data.Sensitive.PurchaseData.OrderDetails,Order Details,Purchase Data,false,medium,"[""(?i).*((order|shipping|billing)[^\\s/(;)#|,=!>]{0,5}(number|code|num|no|id))""]",GDPR
Data.Sensitive.PurchaseData.OfferDetails,Offer Details,Purchase Data,false,medium,"[""(?i).*(?:product|special)[^\\s/(;)#|,=!>]{0,5}offer|offer[^\\s/(;)#|,=!>]{0,5}(?:details|detail|applied|card|code|id|number)|coupon|cashback|product[^\\s/(;)#|,=!>]{0,5}discount|reward[^\\s/(;)#|,=!>]{0,5}(?:points|point).*""]",GDPR
Data.Sensitive.SocialMediaData.SocialMediaAccount,Social Media Account,Social Media Data,false,medium,"[""(?i)(?:facebook|instagram|linkedin|twitter|youtube|whatsapp|reddit|snapchat|pinterest|medium|behance|dribble)[^\\s/(;)#|,=!>]*(?:account|profile)""]",GDPR
Data.Sensitive.SocialMediaData.SocialMediaActivity,Social Media Activity,Social Media Data,false,medium,"[""(?i)(?:facebook|instagram|linkedin|twitter|youtube|whatsapp|reddit|snapchat|pinterest|medium|behance|dribble)[^\\s/(;)#|,=!>]*(?:likes|comments|shares)|reddit[^\\s/(;)#|,=!>]*(?:upvote|downvote)|pinterest[^\\s/(;)#|,=!>]*pin|twitter[^\\s/(;)#|,=!>]*tweet""]",GDPR
Data.Sensitive.SocialMediaData.SocialMediaContact,Social Media Contact,Social Media Data,false,medium,"[""(?i)social[^\\s/(;)#|,=!>]{0,10}account""]",GDPR
Data.Sensitive.SpouseFamilyAndDependentDetails.ParentsName,Parents Name,Spouse/Family & Dependent Details,false,low,"[""(?i).*(?:guardian|mother|father)[^\\s/(;)#|,=!>]{0,8}name|name[^\\s/(;)#|,=!>]{0,8}(?:guardian|mother|father).*""]",GDPR
Data.Sensitive.SpouseFamilyAndDependentDetails.ParentsContactDetails,Parents Contact Details,Spouse/Family & Dependent Details,false,low,"[""(?i).*((?:guardian|mother|father)[^\\s/(;)#|,=!>]{0,10}(?:contact|number|nbr|phone|mobile|landline|email|address|addr)).*""]",GDPR
Data.Sensitive.SpouseFamilyAndDependentDetails.SpouseName,Spouse Name,Spouse/Family & Dependent Details,false,low,"[""(?i).*(?:fiance|spouse|husband|wife)[^\\s/(;)#|,=!>]{0,8}name.*""]",GDPR
Data.Sensitive.SpouseFamilyAndDependentDetails.SpouseContactDetails,Spouse Contact Details,Spouse/Family & Dependent Details,false,low,"[""(?i).*(?:fiance|spouse|husband|wife)[^\\s/(;)#|,=!>]{0,4}(?:contact|number|nbr|phone|mobile|mob|landline|email|address|addr).*""]",GDPR
Data.Sensitive.SpouseFamilyAndDependentDetails.DependentName,Dependent Name,Spouse/Family & Dependent Details,false,low,"[""(?i).*(?:dependant|dependant|(?<!per|sea)son|daughter|children|wife|husband|fiance|grand[^\\s/(;)#|,=!>]{0,8}mother|grand[^\\s/(;)#|,=!>]{0,8}father)[^\\s/(;)#|,=!>]{0,8}name.*""]",GDPR
Data.Sensitive.SpouseFamilyAndDependentDetails.DependentContactDetails,Dependent Contact Details,Spouse/Family & Dependent Details,false,low,"[""(?i).*(?:dependant|dependant|(?<!per|sea)son|daughter|children|wife|fiance|grand[^\\s/(;)#|,=!>]{0,10}mother|grand[^\\s/(;)#|,=!>]{0,10}father|family)[^\\s/(;)#|,=!>]{0,5}(?:contact|number|nbr|phone|mobile|landline|email|address|addr).*""]",GDPR
Data.Sensitive.TechnicalData.CrashData,Crash Data,Technical Data,false,low,"[""(?i).*(crash[^\\s/(;)#|,=!>]{0,5}(?:report|status|file|dump|table|log)).*""]",GDPR
Data.Sensitive.TechnicalData.BrowsingHistory,Browsing History,Technical Data,false,medium,"[""(?i)browsing[^\\s/(;)#|,=!>]*history|website[^\\s/(;)#|,=!>]*visited|web[^\\s/(;)#|,=!>]*pages[^\\s/(;)#|,=!>]*visited""]",GDPR
Data.Sensitive.TechnicalData.TechnicalDiagnosticData,Technical Diagnostic Data,Technical Data,false,low,"[""(?i).*((?:performance)[^\\s/(;)#|,=!>]{0,5}(?:report|dump|info|log)|(cpu|memory|disk)[^\\s/(;)#|,=!>]{0,5}(usage|freq|available|used)).*""]",GDPR
Data.Sensitive.TechnicalData.BrowsingTime,Browsing Time,Technical Data,false,low,"[""(?i).*(browsing[^\\s/(;)#|,=!>]{0,10}(?:time|duration))""]",GDPR
Data.Sensitive.UsageData.ClickStream,Click Stream,Usage Data,false,medium,"[""(?i).*(click(stream|track|log)|track{0,2}click|number[^\\s/(;)#|,=!>]{0,10}of[^\\s/(;)#|,=!>]{0,10}(?:clicks|click)|count[^\\s/(;)#|,=!>]{0,10}(?:clicks|click)).*""]",GDPR
Data.Sensitive.UsageData.SearchHistory,Search History,Usage Data,false,medium,"[""(?i).*(search[^\\s/(;)#|,=!>]{0,12}history|saved[^\\s/(;)#|,=!>]{0,12}search|past[^\\s/(;)#|,=!>]{0,12}searches).*""]",GDPR
Data.Sensitive.UsageData.ProductInteractions,Product Interactions,Usage Data,false,medium,"[""(?i).*(buttons[-_]{0,1}clicked|pages[-_]{0,1}viewed|event[-_]{0,1}(streaming|monitoring|analysis|tracking)[-_]{0,1}data).*""]",GDPR
Data.Sensitive.UserContentData.Ratings,Ratings,User Content Data,false,medium,"[""(?i)((?:user|product|movie|show|drama|coach|buyer|seller|doctor|hospital|college|hotel|agent|author|customer|artist|photo|policyholder|insurer|claimant|average|total)[^\\s/(;)#|,=!>]{0,5}){0,1}(?:rating|ratings)""]",GDPR
Data.Sensitive.UserContentData.Reviews,Reviews,User Content Data,false,medium,"[""(?i)(((?:user|movie|drama|coach|buyer|seller|doctor|hospital|college|hotel|agent|policyholder|insurer|claimant)[^\\s/(;)#|,=!>]{0,4}){0,1}(?:review|reviews))""]",GDPR
Data.Sensitive.UserContentData.EmailsorTextMessages,Emails or Text Messages,User Content Data,false,medium,"[""(?i)(email[^\\s/(;)#|,=!>]{0,5}(?:content|message|msg|text))""]",GDPR
Data.Sensitive.UserContentData.CustomerSupport,Customer Support,User Content Data,false,medium,"[""(?i)support[^\\s/(;)#|,=!>]{0,10}ticket|customer[^\\s/(;)#|,=!>]{0,12}(?:complaint|support)""]",GDPR
Data.Sensitive.UserContentData.NPSorCSATScores,NPS or CSAT Scores,User Content Data,false,medium,"[""(?i).*(((?:nps|csat|net[^\\s/(;)#|,=!>]{0,15}promoter)([^\\s/(;)#|,=!>]{0,15}(?:score|feedback)){0,1}|customer[^\\s/(;)#|,=!>]{0,15}satisfaction)|(product[^\\s/(;)#|,=!>]{0,10}feedback|(feedback|survey)[^\\s/(;)#|,=!>]{0,5}(response|result))).*|feedback""]",GDPR
Data.Sensitive.VehicleData.VehicleRegistrationNumber,Vehicle Registration Number,Vehicle Data,false,medium,"[""(?i).*((?:vehicle|truck|car|motorcycle|motorcycle|tractor)[^\\s/(;)#|,=!>]{0,5}registration([^\\s/(;)#|,=!>]{0,5}(details|number|num|nbr|no)){0,1}).*""]",GDPR
Data.Sensitive.VehicleData.LicensePlate,License Plate,Vehicle Data,false,medium,"[""(?i).*(license[^\\s/(;)#|,=!>]{0,5}plate([^\\s/(;)#|,=!>]{0,5}(details|number|num|nbr|no)){0,1}).*""]",GDPR
Data.Sensitive.WorkplaceMonitoringData.VideoRecordings,Video Recordings,Workplace Monitoring Data,false,medium,"[""(?i).*((?:video|screen)[^\\s/(;)#|,=!>]{0,10}recording).*""]",GDPR
Data.Sensitive.WorkplaceMonitoringData.WebsiteFiltering,Website Filtering,Workplace Monitoring Data,false,medium,"[""(?i).*((?:website|domain)[^\\s/(;)#|,=!>]{0,3}blocked|(?:whitelisted|blacklisted)[^\\s/(;)#|,=!>]{0,3}site).*""]",GDPR
Data.Sensitive.WorkplaceMonitoringData.BuildingInformationSystemAccess,Building Information System Access,Workplace Monitoring Data,false,low,"[""(?i).*(access[^\\s/(;)#|,=!>]{0,10}card[^\\s/(;)#|,=!>]{0,10}number|access[^\\s/(;)#|,=!>]{0,10}card|employee[^\\s/(;)#|,=!>]{0,10}check[^\\s/(;)#|,=!>]{0,10}(?:out|in)|punch[^\\s/(;)#|,=!>]{0,10}card[^\\s/(;)#|,=!>]{0,10}time|punch[^\\s/(;)#|,=!>]{0,10}card).*""]",GDPR
Data.Sensitive.WorkplaceMonitoringData.ApplicationUsage,Application Usage,Workplace Monitoring Data,false,low,"[""(?i).*(app[^\\s/(;)#|,=!>]{0,3}(usage|stats|statistics)).*""]",GDPR